sibsp,parch,age,fare,age_was_missing,pclass_1,pclass_2,pclass_3,pclass_other,pclass_was_missing,sex_female,sex_male,sex_other,sex_was_missing,survived
-0.75,-1,-0.4576527,-0.97169787,0,0,0,1,0,0,0,1,0,0,0
-0.75,-1,-0.055541594,-0.7217285,0,1,0,0,0,0,1,0,0,0,1
-1,-1,-0.3571249,-0.96906286,0,0,0,1,0,0,1,0,0,0,1
-0.75,-1,-0.13093743,-0.7927114,0,1,0,0,0,0,1,0,0,0,1
-1,-1,-0.13093743,-0.9685749,0,0,0,1,0,0,0,1,0,0,0
-1,-1,-0.28172907,-0.966981,1,0,0,1,0,0,0,1,0,0,0
-1,-0.33333334,-0.33199295,-0.9565385,0,0,0,1,0,0,1,0,0,0,1
-0.75,-0.6666667,-0.9100276,-0.93480754,0,0,0,1,0,0,1,0,0,0,1
-1,-1,-0.50791657,-0.9685749,0,0,0,1,0,0,0,1,0,0,0
-0.75,0.6666667,-0.03040965,-0.87791055,0,0,0,1,0,0,0,1,0,0,0
-1,-1,-0.6587082,-0.96933925,0,0,0,1,0,0,1,0,0,0,0
-0.75,-1,-0.23146519,-0.9297327,0,0,0,1,0,0,1,0,0,0,0
-1,-1,-0.28172907,-0.9717955,1,0,0,1,0,0,1,0,0,0,1
-1,-1,-0.13093743,-0.89850277,0,0,1,0,0,0,0,1,0,0,0
-1,-1,-0.15606937,-0.94925135,0,0,1,0,0,0,0,1,0,0,1
-1,-1,-0.306861,-0.86141723,0,1,0,0,0,0,0,1,0,0,1
-0.25,-0.6666667,-0.80949986,-0.91772866,0,0,0,1,0,0,1,0,0,0,0
-0.75,0.6666667,-0.055541594,-0.8774714,0,0,0,1,0,0,1,0,0,0,1
-0.25,-0.33333334,-0.5330485,0.026683625,0,1,0,0,0,0,0,1,0,0,0
-1,-1,-0.28172907,-0.9691768,1,0,0,1,0,0,0,1,0,0,0
-1,-1,-0.005277708,-0.8917852,0,1,0,0,0,0,0,1,0,0,0
-0.75,-1,-0.28172907,-0.4280209,1,1,0,0,0,0,1,0,0,0,1
-1,-1,-0.28172907,-0.969746,1,0,0,1,0,0,1,0,0,0,1
-0.75,-1,-0.306861,-0.6792266,0,1,0,0,0,0,0,1,0,0,0
-1,-1,-0.28172907,-0.9717791,1,0,0,1,0,0,0,1,0,0,1
-0.75,-1,-0.6587082,-0.9561153,0,0,0,1,0,0,1,0,0,0,1
-0.75,-1,-0.33199295,-0.91802144,0,0,1,0,0,0,1,0,0,0,0
-0.75,-0.33333334,-0.93515956,-0.8376856,0,0,1,0,0,0,1,0,0,0,1
-1,-1,-0.5330485,-0.9692417,0,0,0,1,0,0,1,0,0,0,1
-1,-1,-0.28172907,-0.9685749,1,0,0,1,0,0,0,1,0,0,0
-0.75,-1,-0.28172907,-0.93949205,1,0,0,1,0,0,0,1,0,0,0
-1,-1,-0.28172907,-0.969746,1,0,0,1,0,0,1,0,0,0,1
-0.5,-1,-0.28172907,-0.91537005,1,0,0,1,0,0,0,1,0,0,0
-0.75,-1,-0.55818045,-0.93051344,0,0,0,1,0,0,1,0,0,0,0
0,-0.6666667,-0.8346318,-0.8450703,0,0,0,1,0,0,0,1,0,0,0
-1,-1,-0.48278463,-0.96955085,0,0,0,1,0,0,0,1,0,0,0
-0.75,-1,-0.28172907,-0.89850277,0,0,1,0,0,0,1,0,0,0,1
-1,-1,-0.28172907,-0.86141723,1,1,0,0,0,0,0,1,0,0,1
-1,-1,-0.29429504,-0.9717791,0,0,0,1,0,0,0,1,0,0,0
-0.75,-0.33333334,-0.8848957,-0.89167124,0,0,1,0,0,0,1,0,0,0,1
0.25,-0.33333334,-0.73410404,-0.8169146,0,0,0,1,0,0,0,1,0,0,0
-1,-1,-0.4576527,-0.9717791,0,0,0,1,0,0,0,1,0,0,0
-1,-1,-0.055541594,-0.6877008,0,1,0,0,0,0,1,0,0,0,1
-0.75,-1,0.120382,-0.6741353,0,1,0,0,0,0,0,1,0,0,0
-0.25,-0.33333334,-0.9100276,-0.8910856,0,0,0,1,0,0,0,1,0,0,0
-1,-1,-0.28172907,-0.8917852,1,1,0,0,0,0,0,1,0,0,0
-0.75,-0.6666667,-0.28172907,-0.94048434,1,0,0,1,0,0,0,1,0,0,1
-1,-1,-0.28172907,-0.9590107,0,0,1,0,0,0,1,0,0,0,1
0,-0.33333334,-0.5833124,-0.96906286,0,0,0,1,0,0,1,0,0,0,1
-0.5,-1,-0.3571249,-0.96618384,0,0,0,1,0,0,0,1,0,0,0
-1,-1,-0.20633325,-0.9590107,0,0,1,0,0,0,0,1,0,0,0
0.25,-0.33333334,-0.60844433,-0.8169146,0,0,0,1,0,0,1,0,0,0,0
-1,-1,-0.48278463,-0.7130751,0,0,1,0,0,0,0,1,0,0,0
-0.75,-1,-0.3571249,-0.94357455,0,0,0,1,0,0,0,1,0,0,0
-1,-1,-0.20633325,-0.77945507,0,0,0,1,0,0,0,1,0,0,1
-1,-1,-0.28172907,-0.9691768,1,0,0,1,0,0,0,1,0,0,0
-1,-1,-0.28172907,-0.9685749,1,0,0,1,0,0,0,1,0,0,0
-1,-1,-0.25659713,-0.95130086,0,0,0,1,0,0,1,0,0,0,1
-1,-1,-0.4576527,-0.96486634,0,0,0,1,0,0,0,1,0,0,0
-1,-1,-0.28172907,-0.96291447,0,0,0,1,0,0,0,1,0,0,1
-1,-1,-0.306861,-0.81613386,0,1,0,0,0,0,0,1,0,0,0
-0.25,-1,-0.18120131,-0.9381257,0,0,0,1,0,0,1,0,0,0,1
-0.75,0,-0.60844433,-0.86580896,0,0,0,1,0,0,0,1,0,0,0
-1,-1,-0.28172907,-0.9685749,1,0,0,1,0,0,0,1,0,0,0
-0.75,-1,0.14551395,-0.7611887,0,1,0,0,0,0,0,1,0,0,0
-0.75,-0.33333334,-0.3571249,-0.91968054,0,0,0,1,0,0,0,1,0,0,0
-1,-1,0.4722292,-0.97169787,0,0,0,1,0,0,0,1,0,0,0
-1,-1,-0.28172907,-0.9685749,1,0,0,1,0,0,0,1,0,0,0
-1,-1,0.77381253,-0.86471903,0,1,0,0,0,0,0,1,0,0,0
-1,-0.6666667,-0.43252075,-0.7526657,0,1,0,0,0,0,0,1,0,0,1
-1,-0.6666667,-0.15606937,-0.910214,0,0,1,0,0,0,1,0,0,0,1
-0.75,-1,-0.15606937,-0.89850277,0,0,1,0,0,0,0,1,0,0,0
-1,-1,-0.28172907,-0.9691768,1,0,0,1,0,0,0,1,0,0,0
-1,-0.6666667,-0.48278463,-0.6982897,0,1,0,0,0,0,0,1,0,0,0
-1,-1,-0.18120131,-0.96621627,0,0,0,1,0,0,0,1,0,0,0
-0.5,-1,-0.08067354,-0.96906286,0,0,0,1,0,0,0,1,0,0,0
-1,-1,-0.28172907,-0.9696484,1,0,0,1,0,0,0,1,0,0,1
-1,-1,-0.055541594,-0.9691768,0,0,0,1,0,0,0,1,0,0,0
-1,-1,0.1706459,-0.79700553,0,1,0,0,0,0,0,1,0,0,0
-0.75,-1,-0.64614224,-0.94357455,0,0,0,1,0,0,1,0,0,0,0
-1,-1,-0.4576527,-0.9685749,0,0,0,1,0,0,0,1,0,0,0
-1,-1,-0.48278463,-0.96906286,0,0,0,1,0,0,0,1,0,0,0
-1,-1,0.76124656,-0.969746,0,0,0,1,0,0,0,1,0,0,0
-0.75,-1,-0.28172907,-0.91802144,0,0,1,0,0,0,0,1,0,0,0
-0.5,-1,-0.48278463,-0.7130751,0,0,1,0,0,0,0,1,0,0,0
-1,-1,-0.28172907,-0.9685749,1,0,0,1,0,0,0,1,0,0,0
-0.75,-1,-0.19376728,-0.8826114,0,0,1,0,0,0,0,1,0,0,0
-1,-1,-0.19376728,-0.94925135,0,0,1,0,0,0,1,0,0,0,1
-1,-0.6666667,0.34656948,-0.6982897,0,1,0,0,0,0,0,1,0,0,0
-1,-1,-0.28172907,-0.969746,1,0,0,1,0,0,0,1,0,0,0
-1,-1,-0.40738878,-0.97212064,0,0,0,1,0,0,0,1,0,0,1
-0.75,-0.6666667,-0.28172907,-0.912719,1,0,0,1,0,0,1,0,0,0,1
-1,-1,0.120382,-0.9727714,0,0,0,1,0,0,0,1,0,0,0
-1,-1,-0.18120131,-0.9691768,0,0,0,1,0,0,0,1,0,0,0
-1,-1,-0.50791657,-0.9724786,0,0,0,1,0,0,0,1,0,0,0
-0.75,-1,0.1706459,-0.9433958,0,0,0,1,0,0,1,0,0,0,0
-0.75,-1,-0.28172907,-0.89850277,0,0,1,0,0,0,1,0,0,0,1
-1,-1,-0.43252075,-0.9412651,0,0,1,0,0,0,0,1,0,0,0
-0.75,-1,-0.08067354,-0.7927114,0,1,0,0,0,0,0,1,0,0,0
-1,-1,-0.60844433,-0.9640204,0,0,0,1,0,0,0,1,0,0,0
-1,-1,-0.40738878,-0.6908238,0,1,0,0,0,0,0,1,0,0,0
-1,-0.33333334,-0.28172907,-0.94048434,1,0,0,1,0,0,1,0,0,0,0
-1,-1,-0.4576527,-0.969746,0,0,0,1,0,0,1,0,0,0,1
-0.75,-1,-0.40738878,-0.9381257,0,0,0,1,0,0,1,0,0,0,1
-1,-1,-0.5330485,-0.97364974,0,0,0,1,0,0,0,1,0,0,0
-0.75,-0.6666667,-0.5330485,-0.8565376,0,0,1,0,0,0,0,1,0,0,0
-0.5,-0.33333334,-0.7843679,-0.86580896,0,0,0,1,0,0,1,0,0,0,0
-1,-0.33333334,-0.09323951,-0.89850277,0,0,1,0,0,0,0,1,0,0,0
-1,-1,0.044986177,-0.94925135,0,0,1,0,0,0,0,1,0,0,0
-1,-1,0.27117366,-0.95110565,0,0,1,0,0,0,0,1,0,0,0
-0.75,-1,-0.4576527,-0.7400109,0,1,0,0,0,0,1,0,0,0,1
-1,-1,0.3842674,-0.9685749,0,0,0,1,0,0,0,1,0,0,0
-1,-0.33333334,0.007288263,-0.9433958,0,0,0,1,0,0,0,1,0,0,0
-1,-1,-0.28172907,-0.9714539,1,0,0,1,0,0,0,1,0,0,0
-1,-0.6666667,0.27117366,-0.76039153,0,1,0,0,0,0,0,1,0,0,0
-1,-1,-0.60844433,-0.9698112,0,0,0,1,0,0,1,0,0,0,1
-1,-1,-0.25659713,-0.9685749,0,0,0,1,0,0,0,1,0,0,0
-1,-1,-0.28172907,-0.96618384,1,0,0,1,0,0,0,1,0,0,0
1,-0.33333334,-0.28172907,-0.7284949,1,0,0,1,0,0,0,1,0,0,0
-1,-1,-0.005277708,-0.9385161,0,0,1,0,0,0,1,0,0,0,1
-1,-1,-0.3571249,-0.9696484,0,0,0,1,0,0,0,1,0,0,0
-1,-0.33333334,-0.7843679,-0.91987574,0,0,0,1,0,0,0,1,0,0,1
-1,-0.6666667,-0.28172907,-0.7852943,1,1,0,0,0,0,1,0,0,0,1
-0.75,0.33333334,0.120382,-0.8910856,0,0,0,1,0,0,1,0,0,0,0
-1,-1,-0.28172907,-0.89879555,1,1,0,0,0,0,0,1,0,0,0
-1,-1,-0.306861,-0.77945507,0,0,0,1,0,0,0,1,0,0,0
0,-0.6666667,-0.9100276,-0.88630354,0,0,0,1,0,0,0,1,0,0,0
-0.75,-0.6666667,-0.98542345,-0.9565385,0,0,0,1,0,0,1,0,0,0,1
-1,-1,-0.48278463,-0.96906286,0,0,0,1,0,0,0,1,0,0,0
-1,-1,0.3968334,-0.8801716,0,1,0,0,0,0,0,1,0,0,0
-0.75,-0.6666667,-0.55818045,-0.96933925,0,0,0,1,0,0,0,1,0,0,0
-0.25,-0.6666667,-0.28172907,-0.90058464,1,0,0,1,0,0,0,1,0,0,0
-1,-1,-0.25659713,-0.94925135,0,0,1,0,0,0,0,1,0,0,0
-1,-1,-0.10580548,-1,0,0,0,1,0,0,0,1,0,0,0
1,-0.33333334,-0.28172907,-0.7284949,1,0,0,1,0,0,1,0,0,0,0
-1,-1,-0.28172907,-0.9412487,1,0,1,0,0,0,0,1,0,0,0
0,-0.33333334,-0.7843679,-0.8774714,0,0,0,1,0,0,0,1,0,0,0
-1,-0.33333334,-0.9100276,-0.9140201,0,0,0,1,0,0,1,0,0,0,1
-1,-1,-0.28172907,-0.804813,1,1,0,0,0,0,0,1,0,0,0
-1,-1,0.120382,-0.8963557,0,1,0,0,0,0,0,1,0,0,1
-0.75,-0.6666667,-0.005277708,-0.93949205,0,0,0,1,0,0,0,1,0,0,0
-1,-1,-0.10580548,-0.9691768,0,0,0,1,0,0,0,1,0,0,0
-1,-1,-0.20633325,-0.94925135,0,0,1,0,0,0,1,0,0,0,1
-1,-1,-0.5330485,-0.94925135,0,0,1,0,0,0,0,1,0,0,0
-1,-1,0.44709727,-0.4280209,0,1,0,0,0,0,1,0,0,0,1
-1,-1,-0.28172907,-0.969746,1,0,0,1,0,0,0,1,0,0,0
-1,-1,-0.28172907,-0.969746,1,0,0,1,0,0,1,0,0,0,1
1,-0.33333334,-0.28172907,-0.7284949,1,0,0,1,0,0,0,1,0,0,0
-1,-1,-0.15606937,-0.9746421,0,0,0,1,0,0,0,1,0,0,0
-1,-1,0.13294798,-0.9717955,0,0,0,1,0,0,0,1,0,0,0
-1,-0.6666667,-0.9602915,-0.9591571,0,0,0,1,0,0,1,0,0,0,0
-0.75,-1,-0.20633325,-0.9381257,0,0,0,1,0,0,0,1,0,0,0
-1,-1,-0.3571249,-0.9266585,0,0,0,1,0,0,0,1,0,0,1
-1,-1,-0.60844433,-0.969746,0,0,0,1,0,0,1,0,0,0,1
-1,-1,-0.40738878,-0.9724786,0,0,0,1,0,0,0,1,0,0,0
-1,-1,-0.13093743,-0.91802144,0,0,1,0,0,0,1,0,0,0,1
-1,-1,-0.4576527,-0.97169787,0,0,0,1,0,0,0,1,0,0,0
-1,-1,-0.25659713,-0.94925135,0,0,1,0,0,0,0,1,0,0,0
-0.75,-1,-0.28172907,-0.969746,1,0,0,1,0,0,0,1,0,0,0
-0.75,-1,-0.23146519,-0.55780387,0,1,0,0,0,0,1,0,0,0,1
-1,-1,-0.33199295,-0.96906286,0,0,0,1,0,0,1,0,0,0,1
-1,-1,-0.25659713,-0.9590107,0,0,1,0,0,0,0,1,0,0,0
-1,-1,-0.60844433,-0.9685749,0,0,0,1,0,0,0,1,0,0,1
-1,-1,-0.33199295,-0.94925135,0,0,1,0,0,0,0,1,0,0,0
-1,-1,0.27117366,-0.9685749,0,0,0,1,0,0,0,1,0,0,0
-1,-1,-0.28172907,-0.9691768,1,0,0,1,0,0,0,1,0,0,0
-0.75,-1,-0.055541594,-0.6486634,0,1,0,0,0,0,0,1,0,0,1
-1,-1,-0.4953506,-0.97169787,0,0,0,1,0,0,0,1,0,0,0
-0.25,-0.6666667,-0.28172907,-0.90058464,1,0,0,1,0,0,1,0,0,0,0
-1,-1,-0.28172907,-0.9696484,0,0,0,1,0,0,0,1,0,0,0
0,-0.33333334,-0.8848957,-0.8774714,0,0,0,1,0,0,1,0,0,0,1
-1,-1,-0.40738878,-0.9590107,0,0,1,0,0,0,0,1,0,0,0
-1,-1,-0.28172907,-0.97052675,1,0,0,1,0,0,1,0,0,0,0
-1,-0.33333334,-0.80949986,-0.8975268,0,0,1,0,0,0,1,0,0,0,1
-1,-1,-0.5330485,-0.9590107,0,0,1,0,0,0,0,1,0,0,0
-1,-1,-0.18120131,-0.9520816,0,0,1,0,0,0,0,1,0,0,0
-0.75,-1,-0.28172907,-0.94357455,1,0,0,1,0,0,1,0,0,0,0
-1,-1,-0.28172907,-0.9590107,0,0,1,0,0,0,0,1,0,0,0
-1,-1,-0.25659713,-0.9717955,0,0,0,1,0,0,0,1,0,0,0
-1,-1,-0.38225684,-0.9696484,0,0,0,1,0,0,1,0,0,0,0
-0.75,-1,-0.25659713,-0.93714976,0,0,0,1,0,0,0,1,0,0,0
-1,-0.33333334,-0.28172907,-0.94048434,0,0,0,1,0,0,1,0,0,0,1
-1,-1,-0.28172907,-0.6908238,1,1,0,0,0,0,1,0,0,0,1
-1,-1,-0.25659713,-0.6623265,0,1,0,0,0,0,1,0,0,0,1
-1,-1,-0.13093743,1,0,1,0,0,0,0,1,0,0,0,1
-1,-0.6666667,0.24604172,-0.89850277,0,0,1,0,0,0,1,0,0,0,1
-1,-1,-0.28172907,-0.969746,1,0,0,1,0,0,0,1,0,0,0
0,-0.33333334,-0.93515956,-0.8774714,0,0,0,1,0,0,0,1,0,0,1
-1,-1,-0.28172907,-0.969746,1,0,0,1,0,0,1,0,0,0,0
-1,-1,-0.10580548,-0.9590107,0,0,1,0,0,0,0,1,0,0,0
0,-0.6666667,-0.60844433,-0.8450703,0,0,0,1,0,0,0,1,0,0,0
-0.75,-1,-0.38225684,-0.9696484,0,0,0,1,0,0,0,1,0,0,1
-1,-1,-0.13093743,-0.47052285,0,1,0,0,0,0,1,0,0,0,1
-1,-1,-0.38225684,-1,0,0,0,1,0,0,0,1,0,0,1
-1,-0.6666667,0.019854235,-0.92387706,0,0,1,0,0,0,1,0,0,0,1
-1,-0.6666667,-0.08067354,-0.8840589,0,1,0,0,0,0,0,1,0,0,0
-1,-1,-0.28172907,-0.969746,1,0,0,1,0,0,1,0,0,0,1
-0.75,-1,0.57275695,-0.6956711,0,1,0,0,0,0,1,0,0,0,1
-1,-1,0.120382,-0.969746,0,0,0,1,0,0,1,0,0,0,0
-1,-1,-0.28172907,-1,1,0,1,0,0,0,0,1,0,0,0
-0.75,-0.6666667,-0.13093743,-0.9209493,0,0,0,1,0,0,1,0,0,0,1
-1,-1,0.6230209,-0.969746,0,0,0,1,0,0,0,1,0,0,0
-1,-1,-0.306861,-0.96933925,0,0,0,1,0,0,0,1,0,0,0
-1,-1,-0.5330485,-0.9685749,0,0,0,1,0,0,0,1,0,0,1
-1,-1,-0.28172907,-0.89850277,1,1,0,0,0,0,0,1,0,0,0
-1,-1,-0.18120131,-0.96618384,0,0,0,1,0,0,0,1,0,0,0
-1,-1,-0.25659713,-0.96291447,0,0,0,1,0,0,0,1,0,0,1
-1,-1,-0.4576527,-0.9691768,0,0,0,1,0,0,0,1,0,0,0
-1,-1,0.044986177,-0.94925135,0,0,1,0,0,0,0,1,0,0,1
-1,-1,-0.4576527,-0.969746,0,0,0,1,0,0,1,0,0,0,1
-1,-1,-0.3571249,-0.6921901,0,1,0,0,0,0,1,0,0,0,1
-1,-1,-0.10580548,-0.94973934,0,0,1,0,0,0,0,1,0,0,0
-1,-1,-0.40738878,-0.9654519,0,0,0,1,0,0,1,0,0,0,0
-1,-1,-0.28172907,-0.8917852,1,1,0,0,0,0,0,1,0,0,0
-1,-1,-0.41995478,-0.9717791,0,0,0,1,0,0,0,1,0,0,0
-1,-1,-0.28172907,-0.8809359,1,1,0,0,0,0,0,1,0,0,1
-1,-1,-0.28172907,-0.969746,1,0,0,1,0,0,1,0,0,0,1
-0.5,-1,-0.28172907,-0.90923804,1,0,0,1,0,0,0,1,0,0,1
-1,-1,-0.5330485,-1,0,0,0,1,0,0,0,1,0,0,0
-1,-1,-0.28172907,-0.9685749,1,0,0,1,0,0,0,1,0,0,0
-0.75,-0.33333334,-0.987434,-0.4083882,0,1,0,0,0,0,0,1,0,0,1
-1,-1,-0.28172907,-0.5671404,1,1,0,0,0,0,1,0,0,0,1
-0.75,-1,-0.5833124,-0.5748827,0,1,0,0,0,0,1,0,0,0,1
-0.75,-1,-0.25659713,-0.90631026,0,0,1,0,0,0,0,1,0,0,0
-1,-1,-0.25659713,-0.7777632,0,1,0,0,0,0,1,0,0,0,1
-1,-1,-0.40738878,-0.6753716,0,1,0,0,0,0,1,0,0,0,1
-0.5,-0.33333334,-0.55818045,0.024243787,0,1,0,0,0,0,1,0,0,0,1
-0.75,-1,-0.40738878,-0.89850277,0,0,1,0,0,0,1,0,0,0,1
-1,-1,0.34656948,-0.94534767,0,0,1,0,0,0,0,1,0,0,0
-1,-0.33333334,-0.23146519,-0.35640326,0,1,0,0,0,0,1,0,0,0,1
-1,-1,-0.4576527,-0.97169787,0,0,0,1,0,0,0,1,0,0,0
-1,-1,-0.33199295,-0.9691768,0,0,0,1,0,0,0,1,0,0,0
-0.75,-0.6666667,-0.4576527,-0.8867915,0,0,1,0,0,0,1,0,0,0,1
1,-0.33333334,-0.28172907,-0.7284949,1,0,0,1,0,0,0,1,0,0,0
-1,-1,-0.10580548,-0.47052285,0,1,0,0,0,0,1,0,0,0,1
-1,-1,-0.10580548,-0.94925135,0,0,1,0,0,0,1,0,0,0,1
-0.75,-0.6666667,-0.23146519,-0.91987574,0,0,0,1,0,0,1,0,0,0,1
-1,-0.6666667,-0.60844433,-0.7736643,0,1,0,0,0,0,1,0,0,0,1
-1,-0.6666667,-0.055541594,-0.4009223,0,1,0,0,0,0,0,1,0,0,0
-0.5,-1,-0.60844433,-0.9297327,0,0,0,1,0,0,0,1,0,0,0
-1,-1,-0.28172907,-0.9691768,1,0,0,1,0,0,0,1,0,0,0
-0.75,-1,-0.28172907,-0.7400109,0,1,0,0,0,0,0,1,0,0,0
-1,-1,0.120382,-0.9685749,0,0,0,1,0,0,0,1,0,0,1
-1,-1,0.120382,-0.86141723,0,1,0,0,0,0,0,1,0,0,0
-0.75,-0.6666667,-0.9602915,-0.89850277,0,0,1,0,0,0,0,1,0,0,1
-0.25,-0.33333334,-0.40738878,0.026683625,0,1,0,0,0,0,1,0,0,0,1
-1,-1,-0.10580548,-0.94925135,0,0,1,0,0,0,0,1,0,0,0
-0.75,-1,-0.28172907,-0.93714976,1,0,0,1,0,0,1,0,0,0,1
-0.75,-0.6666667,-0.6335763,-0.9717791,0,0,0,1,0,0,0,1,0,0,0
-0.75,-1,-0.38225684,-0.93051344,0,0,0,1,0,0,0,1,0,0,0
-1,-0.6666667,-0.4576527,-0.7852943,0,1,0,0,0,0,1,0,0,0,1
-1,-1,-0.055541594,-0.94925135,0,0,1,0,0,0,1,0,0,0,0
-0.75,0.33333334,-0.005277708,-0.8910856,0,0,0,1,0,0,0,1,0,0,0
-0.75,-1,-0.28172907,-0.8917852,0,0,1,0,0,0,0,1,0,0,0
-1,-1,-0.13093743,-0.9724786,0,0,0,1,0,0,0,1,0,0,0
-0.75,-1,-0.28172907,-0.93949205,1,0,0,1,0,0,0,1,0,0,0
-1,-1,-0.28172907,-0.9717791,1,0,0,1,0,0,1,0,0,0,1
-1,-1,-0.28172907,-0.969746,1,0,0,1,0,0,1,0,0,0,1
-0.75,-1,-0.38225684,-0.78357,0,1,0,0,0,0,0,1,0,0,1
-1,-1,-0.4576527,-0.47052285,0,1,0,0,0,0,0,1,0,0,0
-0.75,-1,-0.28172907,-0.6792266,1,1,0,0,0,0,1,0,0,0,1
-1,-1,-0.4576527,-0.97169787,0,0,0,1,0,0,1,0,0,0,1
-1,-0.33333334,-0.33199295,-0.174359,0,1,0,0,0,0,0,1,0,0,0
-1,-1,-0.50791657,-0.98433626,0,0,0,1,0,0,0,1,0,0,0
-1,-1,-0.5330485,-0.9696484,0,0,0,1,0,0,0,1,0,0,0
-1,-1,0.044986177,-0.11180155,0,1,0,0,0,0,1,0,0,0,1
-1,-1,-0.20633325,-0.96906286,0,0,0,1,0,0,0,1,0,0,0
-0.75,-1,-0.13093743,-0.79700553,0,1,0,0,0,0,1,0,0,0,1
-1,-1,-0.28172907,-0.9691768,1,0,0,1,0,0,0,1,0,0,0
-1,-1,-0.55818045,-0.7130751,0,0,1,0,0,0,0,1,0,0,0
0.25,-0.33333334,-0.98542345,-0.8169146,0,0,0,1,0,0,0,1,0,0,0
-1,-1,-0.48278463,-0.96956724,0,0,0,1,0,0,0,1,0,0,1
-0.5,-1,-0.306861,-0.96906286,0,0,0,1,0,0,0,1,0,0,0
-0.75,-1,-0.43252075,-0.55780387,0,1,0,0,0,0,1,0,0,0,1
-1,-0.33333334,-0.40738878,-0.93480754,0,0,0,1,0,0,1,0,0,0,1
-1,-1,-0.4576527,-0.96956724,0,0,0,1,0,0,0,1,0,0,0
-1,-1,-0.43252075,-0.9590107,0,0,1,0,0,0,0,1,0,0,0
-1,-1,-0.306861,-0.9506177,0,0,1,0,0,0,1,0,0,0,1
-1,-1,-0.03040965,-0.96906286,0,0,0,1,0,0,0,1,0,0,1
-1,-1,-0.3571249,-0.9685749,0,0,0,1,0,0,0,1,0,0,0
-0.75,-1,-0.306861,-0.9381257,0,0,0,1,0,0,0,1,0,0,0
-1,-1,-0.50791657,-0.96618384,0,0,0,1,0,0,1,0,0,0,0
-0.75,-1,-0.15606937,-0.91802144,0,0,1,0,0,0,0,1,0,0,0
-1,-1,0.27117366,-0.969746,0,0,0,1,0,0,0,1,0,0,0
-0.75,-0.6666667,-0.93515956,-0.9268049,0,0,1,0,0,0,0,1,0,0,1
-0.25,-0.6666667,-0.28172907,-0.90058464,1,0,0,1,0,0,1,0,0,0,0
-1,-1,-0.28172907,-0.9691768,1,0,0,1,0,0,0,1,0,0,0
-1,-1,-0.28172907,-0.97322696,1,0,0,1,0,0,0,1,0,0,0
-0.75,-1,-0.18120131,-0.6486634,0,1,0,0,0,0,1,0,0,0,1
-1,-1,-0.28172907,-1,1,0,1,0,0,0,0,1,0,0,0
-1,-1,0.09525006,-0.96906286,0,0,0,1,0,0,0,1,0,0,1
-0.75,-0.6666667,-0.15606937,-0.8731285,0,0,1,0,0,0,1,0,0,0,1
-1,-0.33333334,-0.55818045,-0.94925135,0,0,1,0,0,0,1,0,0,0,1
-1,-1,-0.25659713,-0.94925135,0,0,1,0,0,0,0,1,0,0,0
-1,-1,-0.48278463,-0.9698112,0,0,0,1,0,0,0,1,0,0,0
-0.75,-0.6666667,-0.306861,-0.94378614,0,0,0,1,0,0,1,0,0,0,0
-1,-1,-0.5330485,-0.89850277,0,0,1,0,0,0,1,0,0,0,1
-1,-1,-0.28172907,-0.969746,1,0,0,1,0,0,0,1,0,0,0
-1,-1,-0.20633325,-0.9685749,0,0,0,1,0,0,0,1,0,0,1
-1,-1,-0.306861,-0.8963557,0,1,0,0,0,0,0,1,0,0,1
-0.75,-1,-0.28172907,-0.93714976,1,0,0,1,0,0,1,0,0,0,1
-0.75,-1,0.044986177,-0.89850277,0,0,1,0,0,0,1,0,0,0,1
-1,-1,-0.5833124,-0.97218585,0,0,0,1,0,0,0,1,0,0,0
-0.75,-1,0.24604172,-0.78178096,0,1,0,0,0,0,0,1,0,0,0
-0.75,-0.33333334,-0.6587082,-0.5315512,0,1,0,0,0,0,1,0,0,0,1
-0.5,0,-0.40738878,-0.9268049,0,0,1,0,0,0,1,0,0,0,1
-0.75,0.33333334,0.59788895,0.026683625,0,1,0,0,0,0,0,1,0,0,0
-0.75,-0.6666667,0.120382,-0.8975268,0,0,1,0,0,0,1,0,0,0,1
-1,-1,-0.50791657,-0.96291447,0,0,0,1,0,0,0,1,0,0,0
-1,-1,-0.306861,-0.94925135,0,0,1,0,0,0,1,0,0,0,1
-1,-1,-0.28172907,-0.9683309,1,0,0,1,0,0,0,1,0,0,1
-1,-0.6666667,-0.68384016,-0.92387706,0,0,1,0,0,0,1,0,0,0,1
-0.5,-0.6666667,-0.8848957,-0.9248206,0,0,0,1,0,0,1,0,0,0,1
-1,-1,0.2963056,-0.8809359,0,1,0,0,0,0,0,1,0,0,1
-0.75,-0.33333334,-0.10580548,-0.89167124,0,0,1,0,0,0,0,1,0,0,0
-0.75,-1,-0.28172907,-0.9220552,1,0,0,1,0,0,0,1,0,0,0
-1,-1,-0.25659713,-0.89167124,0,1,0,0,0,0,0,1,0,0,0
-0.75,-1,0.22090977,-0.65216035,0,1,0,0,0,0,0,1,0,0,1
-1,-1,-0.28172907,-0.9685749,1,0,0,1,0,0,0,1,0,0,0
-1,-1,-0.28172907,-0.9691768,0,0,0,1,0,0,0,1,0,0,1
-1,-1,0.6230209,-0.8963557,0,1,0,0,0,0,0,1,0,0,0
-1,-1,0.24604172,-0.9590107,0,0,1,0,0,0,1,0,0,0,1
-1,-1,-0.28172907,-0.969746,1,0,0,1,0,0,0,1,0,0,0
-1,-1,0.19577783,-0.8963557,0,1,0,0,0,0,0,1,0,0,1
-1,-1,0.1706459,-0.849706,0,1,0,0,0,0,0,1,0,0,0
-1,-1,0.19577783,-0.94925135,0,0,1,0,0,0,0,1,0,0,0
-1,-1,-0.28172907,-0.9685749,1,0,0,1,0,0,0,1,0,0,0
-1,-1,-0.055541594,-0.9724786,0,0,0,1,0,0,0,1,0,0,0
-1,-1,-0.28172907,-1,1,0,1,0,0,0,0,1,0,0,0
-1,-1,-0.28172907,-0.9698436,1,0,0,1,0,0,0,1,0,0,0
-1,-1,-0.055541594,-0.96618384,0,0,0,1,0,0,0,1,0,0,0
-0.75,-0.33333334,-0.18120131,-0.89167124,0,0,1,0,0,0,1,0,0,0,1
-1,-1,-0.43252075,-0.9461608,0,0,1,0,0,0,1,0,0,0,1
-1,-1,-0.28172907,-0.79700553,1,1,0,0,0,0,0,1,0,0,0
-0.75,-1,-0.15606937,-0.91802144,0,0,1,0,0,0,0,1,0,0,0
-0.75,-1,-0.28172907,-0.972495,0,0,0,1,0,0,0,1,0,0,0
-1,-1,-0.4576527,-0.9706408,0,0,0,1,0,0,0,1,0,0,0
-1,-0.6666667,-0.9602915,-0.9520328,0,0,0,1,0,0,1,0,0,0,1
0.25,-0.33333334,-0.7843679,-0.8169146,0,0,0,1,0,0,0,1,0,0,0
-1,-1,-0.28172907,-1,1,0,1,0,0,0,0,1,0,0,0
-1,-1,0.57275695,-0.9625729,0,0,0,1,0,0,1,0,0,0,1
-0.25,-0.6666667,-0.28172907,-0.90058464,1,0,0,1,0,0,1,0,0,0,0
-1,-1,-0.25659713,-0.9685749,0,0,0,1,0,0,0,1,0,0,0
-0.75,-0.6666667,-0.7843679,-0.9379305,0,0,0,1,0,0,0,1,0,0,1
-0.75,-1,-0.28172907,-0.9220552,1,0,0,1,0,0,0,1,0,0,0
-1,-1,-0.48278463,-0.97169787,0,0,0,1,0,0,0,1,0,0,0
-1,-1,0.37170142,-0.8809359,0,1,0,0,0,0,0,1,0,0,0
-1,-1,-0.28172907,-0.9410535,1,0,0,1,0,0,0,1,0,0,0
-0.75,-0.33333334,-0.38225684,-0.4083882,0,1,0,0,0,0,1,0,0,0,0
-1,-1,-0.40738878,-0.96956724,0,0,0,1,0,0,0,1,0,0,0
-1,-1,-0.48278463,-0.969746,0,0,0,1,0,0,1,0,0,0,0
-1,-1,-0.28172907,-0.9702176,1,0,0,1,0,0,1,0,0,0,0
-1,-1,-0.08067354,-0.9625729,0,0,0,1,0,0,1,0,0,0,0
-1,-0.33333334,-0.18120131,-0.89850277,0,0,1,0,0,0,1,0,0,0,1
-1,-1,-0.28172907,-0.8963557,1,1,0,0,0,0,0,1,0,0,1
-1,-1,-0.306861,-0.91206825,0,0,0,1,0,0,0,1,0,0,0
-1,-1,-0.3571249,-0.77945507,0,0,0,1,0,0,0,1,0,0,1
-1,-1,-0.28172907,-0.969746,0,0,0,1,0,0,0,1,0,0,1
-1,-1,-0.28172907,-0.9685749,1,0,0,1,0,0,0,1,0,0,0
-1,-1,0.1706459,-0.8671916,0,1,0,0,0,0,0,1,0,0,0
-1,-1,-0.15606937,-0.9590107,0,0,1,0,0,0,1,0,0,0,1
-1,-1,-0.28172907,-0.9057247,1,0,0,1,0,0,0,1,0,0,0
-0.75,-1,-0.10580548,-0.89850277,0,0,1,0,0,0,1,0,0,0,1
-1,-1,-0.20633325,-0.9691768,0,0,0,1,0,0,0,1,0,0,0
-1,-1,-0.25659713,-0.6350003,0,1,0,0,0,0,1,0,0,0,1
-1,-1,-0.4576527,-0.9691768,0,0,0,1,0,0,0,1,0,0,0
-1,-0.6666667,0.09525006,-0.7736643,0,1,0,0,0,0,1,0,0,0,1
-1,-1,-0.28172907,-0.9717791,1,0,0,1,0,0,0,1,0,0,0
-1,-1,0.007288263,-0.969746,0,0,0,1,0,0,0,1,0,0,0
-1,-1,0.24604172,-0.9590107,0,0,1,0,0,0,1,0,0,0,1
-1,-1,-0.28172907,-0.13423166,1,1,0,0,0,0,0,1,0,0,0
-0.5,-0.6666667,-0.43252075,-0.955107,0,0,1,0,0,0,0,1,0,0,0
-0.75,-0.6666667,-0.9602915,-0.89850277,0,0,1,0,0,0,1,0,0,0,1
-1,-1,-0.28172907,-0.9717791,1,0,0,1,0,0,0,1,0,0,0
-0.75,-0.6666667,-0.5833124,-0.9717791,0,0,0,1,0,0,0,1,0,0,0
-1,-1,-0.25659713,-0.96618384,0,0,0,1,0,0,1,0,0,0,0
-1,-1,0.120382,-0.8963557,0,1,0,0,0,0,0,1,0,0,0
-1,-1,-0.25659713,-0.5845445,0,1,0,0,0,0,1,0,0,0,1
-1,-1,-0.28172907,-0.9433958,1,0,0,1,0,0,0,1,0,0,0
-1,-0.33333334,-0.4576527,-0.80676484,0,1,0,0,0,0,1,0,0,0,1
-1,-0.33333334,-0.10580548,-0.72283447,0,1,0,0,0,0,1,0,0,0,1
0,-0.33333334,-0.7843679,-0.87791055,0,0,0,1,0,0,1,0,0,0,0
0,-0.33333334,-0.73410404,-0.87791055,0,0,0,1,0,0,1,0,0,0,0
-0.75,-1,-0.20633325,-0.89850277,0,0,1,0,0,0,0,1,0,0,1
-0.75,-1,0.24604172,-0.5845445,0,1,0,0,0,0,0,1,0,0,0
-1,-1,0.59788895,-0.89850277,0,1,0,0,0,0,0,1,0,0,0
-0.75,-1,-0.5330485,-0.89850277,0,0,1,0,0,0,1,0,0,0,1
-1,-0.33333334,-0.5833124,-0.5671404,0,1,0,0,0,0,0,1,0,0,1
-1,-1,-0.28172907,-0.9694368,1,0,0,1,0,0,0,1,0,0,0
-1,-1,-0.4576527,-0.9696484,0,0,0,1,0,0,1,0,0,0,1
-0.75,-1,0.19577783,-0.8454119,0,1,0,0,0,0,1,0,0,0,1
-1,-1,-0.28172907,-0.11180155,1,1,0,0,0,0,0,1,0,0,0
-0.75,-0.6666667,-0.03040965,-0.6890671,0,1,0,0,0,0,1,0,0,0,1
-1,-1,-0.28172907,-0.969746,1,0,0,1,0,0,0,1,0,0,0
-1,-1,-0.005277708,-0.9691768,0,0,0,1,0,0,0,1,0,0,0
-1,-1,-0.28172907,-0.9685749,1,0,0,1,0,0,0,1,0,0,0
-0.5,-1,-0.40738878,-0.9057247,0,0,0,1,0,0,0,1,0,0,0
-1,-1,-0.5330485,-0.9691768,0,0,0,1,0,0,0,1,0,0,0
-1,0.33333334,-0.28172907,-0.91772866,0,0,0,1,0,0,1,0,0,0,0
-1,-1,-0.28172907,-0.9717791,1,0,0,1,0,0,0,1,0,0,0
-1,-1,-0.20633325,-0.96933925,0,0,0,1,0,0,0,1,0,0,1
-0.5,-1,0.32143754,-0.7990386,0,1,0,0,0,0,1,0,0,0,1
-1,-1,-0.10580548,-0.89699006,0,1,0,0,0,0,0,1,0,0,1
-1,-1,-0.28172907,-0.969746,1,0,0,1,0,0,1,0,0,0,1
-1,-1,-0.5330485,-0.9433958,0,0,0,1,0,0,0,1,0,0,0
-1,-1,-0.15606937,-0.94925135,0,0,1,0,0,0,1,0,0,0,1
-0.75,-1,-0.03040965,-0.78178096,0,1,0,0,0,0,1,0,0,0,1
-0.75,-1,-0.28172907,-0.9435586,1,0,0,1,0,0,1,0,0,0,0
-1,-1,-0.20633325,-0.96906286,0,0,0,1,0,0,0,1,0,0,1
-1,-1,0.34656948,-0.89850277,0,0,1,0,0,0,0,1,0,0,0
-0.75,-0.6666667,0.49736115,-0.6908238,0,1,0,0,0,0,0,1,0,0,1
-1,-1,-0.4576527,-0.9685749,0,0,0,1,0,0,0,1,0,0,0
-1,-1,-0.28172907,-0.9685749,1,0,0,1,0,0,0,1,0,0,0
-1,-1,-0.13093743,-0.97218585,0,0,0,1,0,0,0,1,0,0,0
-1,-1,0.1706459,-0.97169787,0,0,0,1,0,0,0,1,0,0,0
-1,-0.33333334,-0.28172907,-0.969746,1,0,0,1,0,0,1,0,0,0,0
-0.75,-0.6666667,-0.10580548,-0.9057247,0,0,0,1,0,0,0,1,0,0,0
-1,-1,-0.28172907,-0.8711766,1,0,1,0,0,0,1,0,0,0,1
-0.75,-1,0.22090977,-0.7777632,0,1,0,0,0,0,0,1,0,0,1
-1,-1,-0.28172907,-0.9691768,1,0,0,1,0,0,0,1,0,0,0
-1,-1,0.09525006,-0.9685749,0,0,0,1,0,0,0,1,0,0,0
-1,-1,-0.13093743,-0.8963557,0,1,0,0,0,0,0,1,0,0,1
-1,-1,-0.25659713,-0.9691768,0,0,0,1,0,0,0,1,0,0,0
-0.75,-0.33333334,-0.4576527,-0.8376856,0,0,1,0,0,0,1,0,0,0,1
-1,-1,-0.005277708,-0.4009223,0,1,0,0,0,0,1,0,0,0,1
-0.75,0.6666667,-0.03040965,-0.87791055,0,0,0,1,0,0,1,0,0,0,0
-1,-1,-0.28172907,-0.969746,1,0,0,1,0,0,0,1,0,0,0
-1,-1,-0.13093743,-0.9685749,0,0,0,1,0,0,0,1,0,0,0
-0.75,-0.33333334,-0.40738878,-0.7462569,0,0,1,0,0,0,1,0,0,0,1
-0.75,-0.6666667,-0.15606937,-0.94378614,0,0,0,1,0,0,0,1,0,0,0
-1,-1,-0.3571249,-0.9590107,0,0,1,0,0,0,0,1,0,0,0
-0.75,-1,-0.33199295,-0.94357455,0,0,0,1,0,0,0,1,0,0,0
-0.75,-1,0.044986177,-0.79484206,0,1,0,0,0,0,0,1,0,0,1
-0.75,-0.6666667,-0.50791657,-0.9385485,0,0,0,1,0,0,0,1,0,0,1
-1,-1,-0.48278463,-0.96933925,0,0,0,1,0,0,0,1,0,0,0
-1,-1,-0.48278463,-0.93714976,0,0,0,1,0,0,0,1,0,0,0
-1,-1,0.52249306,-0.873828,0,1,0,0,0,0,0,1,0,0,0
-1,-1,0.42196533,-0.9517888,0,0,1,0,0,0,0,1,0,0,0
-1,-1,-0.48278463,-0.6956711,0,1,0,0,0,0,1,0,0,0,1
-1,-1,-0.3571249,-0.9691768,0,0,0,1,0,0,0,1,0,0,0
-1,-1,-0.28172907,-0.9698112,1,0,0,1,0,0,0,1,0,0,0
-1,-1,1,-0.8828878,0,1,0,0,0,0,0,1,0,0,1
-1,-1,0.27117366,-0.97246224,0,0,0,1,0,0,0,1,0,0,0
-1,-1,-0.20633325,-0.8809359,0,1,0,0,0,0,0,1,0,0,1
-1,-1,-0.28172907,-1,1,1,0,0,0,0,0,1,0,0,0
-0.25,-0.33333334,-0.7843679,-0.8910856,0,0,0,1,0,0,1,0,0,0,0
-1,-1,-0.306861,-0.94925135,0,0,1,0,0,0,1,0,0,0,1
-1,-1,-0.20633325,-0.96906286,0,0,0,1,0,0,0,1,0,0,0
-0.75,-1,-0.28172907,-0.93714976,1,0,0,1,0,0,0,1,0,0,0
-0.25,-0.33333334,-0.9602915,-0.8910856,0,0,0,1,0,0,1,0,0,0,0
-1,-1,-0.28172907,-0.77945507,1,0,0,1,0,0,0,1,0,0,1
-1,-1,-0.5330485,-0.9691768,0,0,0,1,0,0,0,1,0,0,0
-1,-1,-0.28172907,-0.97052675,1,0,0,1,0,0,0,1,0,0,0
-1,-1,-0.28172907,-0.9691768,1,0,0,1,0,0,0,1,0,0,0
-1,-1,-0.48278463,-0.96707857,0,0,0,1,0,0,0,1,0,0,0
-1,-1,-0.28172907,-0.9694368,1,0,0,1,0,0,1,0,0,0,1
-1,-1,-0.55818045,-0.97364974,0,0,0,1,0,0,1,0,0,0,0
-0.5,-1,-0.40738878,-0.7130751,0,0,1,0,0,0,0,1,0,0,0
-1,-1,-0.28172907,-0.9691768,1,0,0,1,0,0,0,1,0,0,0
-0.75,-0.6666667,-0.20633325,-0.93949205,0,0,0,1,0,0,1,0,0,0,0
-1,-0.33333334,0.44709727,-0.55780387,0,1,0,0,0,0,0,1,0,0,0
-0.5,-1,0.24604172,-0.47826514,0,1,0,0,0,0,0,1,0,0,1
-1,-1,-0.005277708,-0.9717955,0,0,0,1,0,0,0,1,0,0,0
-1,-1,0.1706459,-0.90011305,0,1,0,0,0,0,0,1,0,0,0
-0.75,-1,-0.50791657,-0.96906286,0,0,0,1,0,0,0,1,0,0,1
-0.5,-1,-0.20633325,-0.7130751,0,0,1,0,0,0,0,1,0,0,0
-1,-1,-0.28172907,-0.9696484,1,0,0,1,0,0,0,1,0,0,0
-1,-1,0.07011812,-0.9685749,0,0,0,1,0,0,0,1,0,0,0
-0.75,-1,-0.28172907,-0.79700553,1,1,0,0,0,0,1,0,0,0,1
-0.75,-0.6666667,-0.005277708,-0.8477541,0,0,1,0,0,0,1,0,0,0,1
-0.75,-1,-0.23146519,-0.79700553,0,1,0,0,0,0,0,1,0,0,0
-1,-1,-0.28172907,-1,1,0,1,0,0,0,0,1,0,0,0
-1,-1,-0.3948228,-0.9685749,0,0,0,1,0,0,0,1,0,0,0
-1,-1,-0.55818045,-0.9615806,0,0,0,1,0,0,1,0,0,0,1
-0.75,1,0.07011812,-0.8169146,0,0,0,1,0,0,1,0,0,0,0
-1,-0.6666667,-0.10580548,1,0,1,0,0,0,0,0,1,0,0,1
-1,-1,-0.28172907,-0.9682333,1,0,0,1,0,0,1,0,0,0,0
-1,-1,-0.50791657,-0.963988,0,0,0,1,0,0,0,1,0,0,0
0.25,-0.33333334,-0.6587082,-0.8169146,0,0,0,1,0,0,0,1,0,0,0
-0.75,-0.6666667,0.49736115,-0.8477541,0,0,1,0,0,0,0,1,0,0,0
-0.75,-0.33333334,-0.38225684,-0.8376856,0,0,1,0,0,0,0,1,0,0,0
-1,-1,-0.5330485,-0.96029586,0,0,0,1,0,0,0,1,0,0,0
-1,-1,-0.55818045,-0.96956724,0,0,0,1,0,0,0,1,0,0,0
-1,-0.6666667,-0.6335763,-0.17499335,0,1,0,0,0,0,1,0,0,0,1
-0.75,-1,-0.23146519,-0.7774868,0,1,0,0,0,0,0,1,0,0,1
-1,-1,-0.28172907,-0.77945507,1,0,0,1,0,0,0,1,0,0,1
-1,-1,0.49736115,-0.8963557,0,1,0,0,0,0,0,1,0,0,0
-1,-1,0.2963056,-0.9472995,0,0,1,0,0,0,0,1,0,0,0
-1,-1,0.09525006,-0.9685749,0,0,0,1,0,0,0,1,0,0,0
-1,-1,-0.28172907,-0.9698112,1,0,0,1,0,0,1,0,0,0,1
-0.75,-0.6666667,0.22090977,-0.5671404,0,1,0,0,0,0,0,1,0,0,0
-1,-1,-0.13093743,-0.8973804,0,1,0,0,0,0,0,1,0,0,1
-1,-0.6666667,-0.55818045,-0.94357455,0,0,0,1,0,0,1,0,0,0,0
-1,-1,-0.38225684,-0.9697784,0,0,0,1,0,0,0,1,0,0,0
-1,-1,0.044986177,-0.8973804,0,1,0,0,0,0,0,1,0,0,1
-1,-1,-0.4576527,-0.4083882,0,1,0,0,0,0,1,0,0,0,1
-0.75,-0.6666667,-0.28172907,-0.94048434,1,0,0,1,0,0,0,1,0,0,1
-1,-1,-0.40738878,-0.80674845,0,1,0,0,0,0,1,0,0,0,1
-0.75,-1,0.19577783,-0.79700553,0,1,0,0,0,0,0,1,0,0,1
-1,-1,-0.28172907,-0.9629797,0,0,0,1,0,0,0,1,0,0,0
-1,-1,0.2963056,-0.94925135,0,0,1,0,0,0,0,1,0,0,0
-1,-1,-0.5330485,-0.9701364,0,0,0,1,0,0,0,1,0,0,0
-1,-1,-0.055541594,-0.11180155,0,1,0,0,0,0,1,0,0,0,1
-1,-1,-0.33199295,-0.9590107,0,0,1,0,0,0,1,0,0,0,1
-1,-1,-0.18120131,-0.9696484,0,0,0,1,0,0,0,1,0,0,0
-0.75,-1,-0.5833124,-0.97246224,0,0,0,1,0,0,0,1,0,0,0
-1,-1,-0.15606937,-0.94925135,0,0,1,0,0,0,0,1,0,0,0
-1,-1,0.24604172,-0.94925135,0,0,1,0,0,0,0,1,0,0,0
-0.75,-1,-0.33199295,-0.7927114,0,1,0,0,0,0,0,1,0,0,1
-1,-1,-0.28172907,-0.9697948,1,0,0,1,0,0,1,0,0,0,1
-0.75,-1,-0.38225684,-0.89850277,0,0,1,0,0,0,0,1,0,0,0
-0.75,-1,-0.38225684,-0.96906286,0,0,0,1,0,0,1,0,0,0,0
-1,-1,-0.28172907,-0.17499335,0,1,0,0,0,0,1,0,0,0,1
-1,-1,-0.28172907,-1,1,0,1,0,0,0,0,1,0,0,0
-1,-1,-0.29429504,-0.93714976,0,0,0,1,0,0,0,1,0,0,0
-1,-1,-0.13093743,1,0,1,0,0,0,0,0,1,0,0,1
-1,-1,-0.28172907,-0.9691768,1,0,0,1,0,0,0,1,0,0,0
-1,-1,-0.28172907,-0.9691768,1,0,0,1,0,0,0,1,0,0,0
-1,-1,-0.28172907,-0.8828878,1,1,0,0,0,0,0,1,0,0,1
-0.75,-1,-0.10580548,-0.6921901,0,1,0,0,0,0,0,1,0,0,0
-0.5,-0.33333334,-0.48278463,0.024243787,0,1,0,0,0,0,1,0,0,0,1
-0.75,-1,-0.40738878,-0.93714976,0,0,0,1,0,0,0,1,0,0,0
-1,-1,-0.23146519,-0.96906286,0,0,0,1,0,0,0,1,0,0,1
-0.75,-0.6666667,0.7486806,-0.72283447,0,1,0,0,0,0,0,1,0,0,0
-0.75,-0.6666667,-0.60844433,-0.9209493,0,0,0,1,0,0,0,1,0,0,0
-1,-1,-0.25659713,-0.94925135,0,0,1,0,0,0,1,0,0,0,1
-0.75,-1,-0.5330485,-0.7927114,0,1,0,0,0,0,0,1,0,0,0
-1,-1,-0.23146519,-0.969746,0,0,0,1,0,0,0,1,0,0,0
-0.75,-0.6666667,-0.9100276,-0.910214,0,0,1,0,0,0,1,0,0,0,1
-1,-0.6666667,-0.85976374,-0.95130086,0,0,0,1,0,0,0,1,0,0,1
-1,-1,-0.43252075,-0.9691768,0,0,0,1,0,0,0,1,0,0,0
-0.75,-0.33333334,0.19577783,-0.7462569,0,0,1,0,0,0,1,0,0,0,1
-0.75,-0.6666667,-0.993717,-0.9433958,0,0,1,0,0,0,0,1,0,0,1
-1,-1,-0.18120131,-0.6623265,0,1,0,0,0,0,1,0,0,0,1
-1,-1,-0.28172907,-0.9433958,1,0,0,1,0,0,0,1,0,0,0
-1,-1,-0.50791657,-0.9717791,0,0,0,1,0,0,0,1,0,0,1
-0.75,-0.33333334,-0.10580548,-0.5315512,0,1,0,0,0,0,1,0,0,0,1
-1,-1,-0.60844433,-0.9696484,0,0,0,1,0,0,0,1,0,0,0
-0.75,-1,0.27117366,-0.6956711,0,1,0,0,0,0,1,0,0,0,1
-1,-1,-0.20633325,-0.96735495,0,0,0,1,0,0,0,1,0,0,0
-1,-1,0.42196533,-0.9590107,0,0,1,0,0,0,1,0,0,0,0
-0.75,0,0.34656948,-0.910214,0,0,1,0,0,0,1,0,0,0,1
-1,-1,-0.55818045,-0.969746,0,0,0,1,0,0,0,1,0,0,0
-1,-1,-0.28172907,-0.969746,1,0,0,1,0,0,0,1,0,0,0
-1,-1,-0.28172907,-0.9697948,1,0,0,1,0,0,0,1,0,0,0
-1,-0.6666667,0.07011812,-0.17499335,0,1,0,0,0,0,1,0,0,0,1
-1,-1,-0.68384016,-0.9717791,0,0,0,1,0,0,1,0,0,0,1
-1,-1,-0.28172907,-0.8828878,0,1,0,0,0,0,0,1,0,0,0
-0.75,-0.33333334,-0.28172907,-0.9084573,1,0,0,1,0,0,0,1,0,0,0
-1,-1,-0.38225684,-0.9724786,0,0,0,1,0,0,0,1,0,0,0
-0.75,-0.33333334,-0.98542345,-0.91968054,0,0,0,1,0,0,0,1,0,0,1
-1,-1,0.14551395,-0.6908238,0,1,0,0,0,0,0,1,0,0,0
-1,-1,-0.28172907,-0.969746,1,0,0,1,0,0,0,1,0,0,0
1,-0.33333334,-0.28172907,-0.7284949,1,0,0,1,0,0,1,0,0,0,0
-1,-1,-0.38225684,-0.9691768,0,0,0,1,0,0,0,1,0,0,0
-1,-1,-0.03040965,-0.94925135,0,0,1,0,0,0,0,1,0,0,0
-1,-1,0.22090977,-0.89877915,0,1,0,0,0,0,1,0,0,0,1
-1,-1,-0.23146519,-0.96610266,0,0,0,1,0,0,1,0,0,0,1
-1,-1,-0.25659713,-0.9717791,0,0,0,1,0,0,0,1,0,0,0
-1,-1,-0.15606937,-0.94925135,0,0,1,0,0,0,0,1,0,0,0
-0.75,-0.6666667,-0.23146519,-0.8975268,0,0,1,0,0,0,1,0,0,0,1
-0.75,-0.33333334,-0.73410404,-0.5315512,0,1,0,0,0,0,0,1,0,0,1
-1,-0.6666667,-1,-0.966753,0,0,0,1,0,0,0,1,0,0,1
-1,-1,-0.33199295,-0.9727714,0,0,0,1,0,0,0,1,0,0,1
-1,-1,-0.23146519,-0.9696484,0,0,0,1,0,0,0,1,0,0,0
-1,-1,-0.03040965,-1,0,1,0,0,0,0,0,1,0,0,0
-1,-1,-0.55818045,-0.9696484,0,0,0,1,0,0,1,0,0,0,0
-1,-1,-0.03040965,-0.94925135,0,0,1,0,0,0,0,1,0,0,0
-0.75,-1,-0.18120131,-0.7927114,0,1,0,0,0,0,1,0,0,0,1
-1,-1,-0.3571249,-0.96920925,0,0,0,1,0,0,0,1,0,0,0
-1,-1,-0.03040965,-0.9057247,0,0,0,1,0,0,0,1,0,0,0
0,-0.33333334,-0.85976374,-0.87791055,0,0,0,1,0,0,1,0,0,0,0
-1,-1,-0.24403116,-0.9685749,0,0,0,1,0,0,0,1,0,0,0
-1,-1,0.07011812,-0.97482085,0,0,0,1,0,0,0,1,0,0,0
-0.25,-0.33333334,-0.759236,-0.8910856,0,0,0,1,0,0,0,1,0,0,0
-0.75,-0.6666667,0.2963056,-0.6350003,0,1,0,0,0,0,1,0,0,0,1
-1,-1,-0.33199295,-0.96618384,0,0,0,1,0,0,0,1,0,0,1
-1,-1,-0.055541594,-1,0,1,0,0,0,0,0,1,0,0,0
-1,-0.6666667,-0.33199295,-0.95130086,0,0,0,1,0,0,1,0,0,0,1
0,-0.6666667,-0.9602915,-0.8450703,0,0,0,1,0,0,0,1,0,0,0
-1,-1,-0.28172907,-0.972869,1,0,0,1,0,0,0,1,0,0,0
-1,-1,-0.28172907,-0.77945507,1,0,0,1,0,0,0,1,0,0,0
-1,-0.33333334,-0.98542345,-0.8555452,0,0,1,0,0,0,0,1,0,0,1
-1,-1,-0.28172907,-0.969746,1,0,0,1,0,0,0,1,0,0,1
-0.75,-1,-0.6335763,-0.94357455,0,0,0,1,0,0,1,0,0,0,1
-1,-1,-0.28172907,-0.9717791,1,0,0,1,0,0,0,1,0,0,0
-1,-1,-0.43252075,-0.96933925,0,0,0,1,0,0,0,1,0,0,0
-1,-1,-0.55818045,-0.967599,0,0,0,1,0,0,0,1,0,0,0
-0.75,-0.6666667,-0.03040965,-0.6753716,0,1,0,0,0,0,1,0,0,0,1
-1,-1,-0.48278463,-0.96618384,0,0,0,1,0,0,0,1,0,0,0
-1,-1,-0.28172907,-0.9685749,1,0,0,1,0,0,0,1,0,0,0
-1,-1,-0.20633325,-0.77945507,0,0,0,1,0,0,0,1,0,0,1
-1,-1,-0.60844433,-0.9590107,0,0,1,0,0,0,0,1,0,0,0
1,-0.33333334,-0.28172907,-0.7284949,1,0,0,1,0,0,0,1,0,0,0
-1,-0.6666667,-0.306861,-0.8711766,0,0,1,0,0,0,0,1,0,0,0
-1,-1,0.84920835,-0.9696484,0,0,0,1,0,0,0,1,0,0,0
-0.75,-0.6666667,-0.7843679,-0.94048434,0,0,0,1,0,0,1,0,0,0,0
-1,-0.6666667,-0.60844433,-0.84619266,0,1,0,0,0,0,1,0,0,0,1
-0.75,-0.6666667,0.120382,-0.35640326,0,1,0,0,0,0,1,0,0,0,1
-1,-1,0.27117366,-0.8963557,0,1,0,0,0,0,0,1,0,0,1
-1,0,-0.40738878,-0.9248206,0,0,0,1,0,0,1,0,0,0,1
-1,-1,-0.28172907,-0.9717791,1,0,0,1,0,0,0,1,0,0,0
-0.5,-1,0.019854235,-0.9449249,0,0,0,1,0,0,0,1,0,0,0
-0.75,-1,-0.48278463,-0.955107,0,0,1,0,0,0,0,1,0,0,0
-1,-1,0.19577783,-0.89877915,0,1,0,0,0,0,1,0,0,0,1
1,-0.33333334,-0.28172907,-0.7284949,1,0,0,1,0,0,1,0,0,0,0
-1,-1,-0.40738878,-0.94925135,0,0,1,0,0,0,0,1,0,0,0
-1,-1,0.044986177,-0.94925135,0,0,1,0,0,0,1,0,0,0,1
-0.75,-1,-0.33199295,-0.9459008,0,0,1,0,0,0,1,0,0,0,1
-1,-1,-0.3571249,-0.9691768,0,0,0,1,0,0,0,1,0,0,0
-1,-1,-0.18120131,-0.9804813,0,1,0,0,0,0,0,1,0,0,0
-1,-1,0.1706459,-0.96486634,0,0,0,1,0,0,0,1,0,0,0
-0.75,-1,-0.306861,-0.90631026,0,0,1,0,0,0,1,0,0,0,1
-1,-1,-0.6335763,-0.9717955,0,0,0,1,0,0,1,0,0,0,1
-1,-1,-0.5330485,-0.9691768,0,0,0,1,0,0,0,1,0,0,0
-1,-1,-0.28172907,-0.9691768,1,0,0,1,0,0,0,1,0,0,0
-1,-0.6666667,0.3968334,-0.6753716,0,1,0,0,0,0,1,0,0,0,1
-1,-0.6666667,-0.38225684,-0.89850277,0,0,1,0,0,0,1,0,0,0,1
-1,-1,-0.4576527,-0.9589455,0,0,0,1,0,0,1,0,0,0,0
-1,-1,-0.306861,-0.9590107,0,0,1,0,0,0,0,1,0,0,0
-1,-1,-0.38225684,-0.9724786,0,0,0,1,0,0,0,1,0,0,0
-1,-1,-0.33199295,-0.94925135,0,0,1,0,0,0,0,1,0,0,0
-1,-1,-0.20633325,-0.969746,0,0,0,1,0,0,0,1,0,0,0
