Date,Seq,Farm,Animals,Age,Temp,Heavy,b1,b2,b3,b4,b5
2024-01-01,0,A,20000,28,,False,7142,4285,2857,2857,2859
2024-01-01,1,B,20037,33,12.7,False,3035,5869,5464,2833,2836
2024-01-01,2,C,20074,38,13.4,True,2728,2728,4482,6431,3705
2024-01-02,3,D,20111,29,14.1,False,6361,5130,2873,2873,2874
2024-01-02,4,A,20148,34,14.8,False,2792,4987,6184,3391,2794
2024-01-02,5,B,20185,39,15.5,True,2743,2743,3723,6467,4509
2024-01-03,6,C,20222,30,16.2,False,5515,5923,3063,2859,2862
2024-01-03,7,D,20259,35,16.9,False,2701,4051,6753,4051,2703
2024-01-03,8,A,20296,40,17.6,True,2870,2870,3075,5945,5536
2024-01-04,9,B,20333,31,18.3,False,4540,6514,3750,2763,2766
2024-01-04,10,C,20370,36,19.0,False,2823,3428,6252,5042,2825
2024-01-04,11,D,20407,41,19.7,True,2915,2915,2915,5205,6457
2024-01-05,12,A,20444,32,20.4,False,3771,6550,4565,2778,2780
2024-01-05,13,B,20481,37,12.1,False,2896,2896,5585,5999,3105
2024-01-05,14,C,20518,28,12.8,False,7327,4396,2931,2931,2933
2024-01-06,15,D,20555,33,13.5,False,3114,6021,5605,2906,2909
2024-01-06,16,A,20592,38,14.2,True,2798,2798,4598,6597,3801
2024-01-06,17,B,20629,29,,False,6525,5262,2947,2947,2948
2024-01-07,18,C,20666,34,15.6,False,2864,5115,6343,3478,2866
2024-01-07,19,D,20703,39,16.3,True,2814,2814,3819,6633,4623
2024-01-07,20,A,20740,30,17.0,False,5656,6075,3142,2932,2935
2024-01-08,21,B,20777,35,17.7,False,2770,4155,6925,4155,2772
2024-01-08,22,C,20814,40,18.4,True,2943,2943,3153,6097,5678
2024-01-08,23,D,20851,31,19.1,False,4656,6680,3846,2834,2835
2024-01-09,24,A,20888,36,19.8,False,2895,3515,6411,5170,2897
2024-01-09,25,B,20025,41,20.5,True,2860,2860,2860,5108,6337
2024-01-09,26,C,20062,32,12.2,False,3700,6427,4479,2726,2730
2024-01-10,27,D,20099,37,12.9,False,2842,2842,5481,5887,3047
2024-01-10,28,A,20136,28,13.6,False,7191,4314,2876,2876,2879
2024-01-10,29,B,20173,33,14.3,False,3056,5909,5501,2852,2855
2024-01-11,30,C,20210,38,15.0,True,2746,2746,4512,6475,3731
2024-01-11,31,D,20247,29,15.7,False,6404,5165,2892,2892,2894
2024-01-11,32,A,20284,34,16.4,False,2811,5020,6225,3414,2814
2024-01-12,33,B,20321,39,17.1,True,2762,2762,3748,6510,4539
2024-01-12,34,C,20358,30,,False,5552,5963,3084,2878,2881
2024-01-12,35,D,20395,35,18.5,False,2719,4079,6798,4079,2720
2024-01-13,36,A,20432,40,19.2,True,2889,2889,3095,5985,5574
2024-01-13,37,B,20469,31,19.9,False,4570,6558,3775,2782,2784
2024-01-13,38,C,20506,36,20.6,False,2842,3451,6293,5075,2845
2024-01-14,39,D,20543,41,12.3,True,2934,2934,2934,5240,6501
2024-01-14,40,A,20580,32,13.0,False,3796,6593,4595,2797,2799
2024-01-14,41,B,20617,37,13.7,False,2915,2915,5622,6039,3126
2024-01-15,42,C,20654,28,14.4,False,7376,4425,2950,2950,2953
2024-01-15,43,D,20691,33,15.1,False,3135,6060,5643,2926,2927
2024-01-15,44,A,20728,38,15.8,True,2817,2817,4628,6641,3825
2024-01-16,45,B,20765,29,16.5,False,6568,5297,2966,2966,2968
2024-01-16,46,C,20802,34,17.2,False,2883,5149,6384,3501,2885
2024-01-16,47,D,20839,39,17.9,True,2832,2832,3844,6676,4655
2024-01-17,48,A,20876,30,18.6,False,5693,6115,3163,2952,2953
2024-01-17,49,B,20013,35,19.3,False,2668,4002,6671,4002,2670
2024-01-17,50,C,20050,40,20.0,True,2835,2835,3037,5873,5470
2024-01-18,51,D,20087,31,,False,4485,6435,3705,2730,2732
2024-01-18,52,A,20124,36,12.4,False,2789,3387,6176,4981,2791
2024-01-18,53,B,20161,41,13.1,True,2880,2880,2880,5143,6378
2024-01-19,54,C,20198,32,13.8,False,3725,6471,4510,2745,2747
2024-01-19,55,D,20235,37,14.5,False,2861,2861,5518,5927,3068
2024-01-19,56,A,20272,28,15.2,False,7240,4344,2896,2896,2896
2024-01-20,57,B,20309,33,15.9,False,3077,5949,5538,2871,2874
2024-01-20,58,C,20346,38,16.6,True,2765,2765,4543,6518,3755
2024-01-20,59,D,20383,29,17.3,False,6447,5199,2911,2911,2915
2024-01-21,60,A,20420,34,18.0,False,2830,5054,6267,3437,2832
2024-01-21,61,B,20457,39,18.7,True,2780,2780,3773,6554,4570
2024-01-21,62,C,20494,30,19.4,False,5589,6003,3105,2898,2899
2024-01-22,63,D,20531,35,20.1,False,2737,4106,6843,4106,2739
2024-01-22,64,A,20568,40,20.8,True,2908,2908,3116,6024,5612
2024-01-22,65,B,20605,31,12.5,False,4601,6601,3800,2800,2803
2024-01-23,66,C,20642,36,13.2,False,2861,3474,6335,5109,2863
2024-01-23,67,D,20679,41,13.9,True,2954,2954,2954,5275,6542
2024-01-23,68,A,20716,32,,False,3821,6637,4625,2815,2818
2024-01-24,69,B,20753,37,15.3,False,2934,2934,5659,6079,3147
2024-01-24,70,C,20790,28,16.0,False,7425,4455,2970,2970,2970
2024-01-24,71,D,20827,33,16.7,False,3155,6100,5680,2945,2947
2024-01-25,72,A,20864,38,17.4,True,2835,2835,4658,6684,3852
2024-01-25,73,B,20001,29,18.1,False,6326,5102,2857,2857,2859
2024-01-25,74,C,20038,34,18.8,False,2777,4959,6150,3372,2780
2024-01-26,75,D,20075,39,19.5,True,2728,2728,3703,6431,4485
2024-01-26,76,A,20112,30,20.2,False,5485,5891,3047,2844,2845
2024-01-26,77,B,20149,35,20.9,False,2686,4029,6716,4029,2689
2024-01-27,78,C,20186,40,12.6,True,2854,2854,3058,5913,5507
2024-01-27,79,D,20223,31,13.3,False,4515,6479,3730,2748,2751
2024-01-27,80,A,20260,36,14.0,False,2808,3410,6218,5014,2810
2024-01-28,81,B,20297,41,14.7,True,2899,2899,2899,5177,6423
2024-01-28,82,C,20334,32,15.4,False,3750,6514,4540,2763,2767
2024-01-28,83,D,20371,37,16.1,False,2880,2880,5555,5967,3089
2024-01-29,84,A,20408,28,16.8,False,7288,4373,2915,2915,2917
2024-01-29,85,B,20445,33,,False,3097,5988,5575,2891,2894
2024-01-29,86,C,20482,38,18.2,True,2783,2783,4573,6562,3781
2024-01-30,87,D,20519,29,18.9,False,6490,5234,2931,2931,2933
2024-01-30,88,A,20556,34,19.6,False,2849,5088,6309,3459,2851
2024-01-30,89,B,20593,39,20.3,True,2799,2799,3798,6597,4600
2024-01-31,90,C,20630,30,12.0,False,5626,6043,3125,2917,2919
2024-01-31,91,D,20667,35,12.7,False,2755,4133,6889,4133,2757
2024-01-31,92,A,20704,40,13.4,True,2927,2927,3136,6064,5650
2024-02-01,93,B,20741,31,14.1,False,4631,6645,3826,2819,2820
2024-02-01,94,C,20778,36,14.8,False,2880,3497,6377,5143,2881
2024-02-01,95,D,20815,41,15.5,True,2973,2973,2973,5309,6587
2024-02-02,96,A,20852,32,16.2,False,3846,6680,4656,2834,2836
2024-02-02,97,B,20889,37,16.9,False,2954,2954,5696,6119,3166
2024-02-02,98,C,20026,28,17.6,False,7152,4291,2860,2860,2863
2024-02-03,99,D,20063,33,18.3,False,3039,5877,5471,2837,2839
2024-02-03,100,A,20100,38,19.0,True,2732,2732,4488,6439,3709
2024-02-03,101,B,20137,29,19.7,False,6369,5136,2876,2876,2880
2024-02-04,102,C,20174,34,,False,2796,4993,6192,3395,2798
2024-02-04,103,D,20211,39,12.1,True,2747,2747,3728,6475,4514
2024-02-04,104,A,20248,30,12.8,False,5522,5931,3067,2863,2865
2024-02-05,105,B,20285,35,13.5,False,2704,4057,6761,4057,2706
2024-02-05,106,C,20322,40,14.2,True,2873,2873,3079,5952,5545
2024-02-05,107,D,20359,31,14.9,False,4546,6522,3755,2767,2769
2024-02-06,108,A,20396,36,15.6,False,2827,3432,6260,5048,2829
2024-02-06,109,B,20433,41,16.3,True,2919,2919,2919,5212,6464
2024-02-06,110,C,20470,32,17.0,False,3776,6558,4570,2782,2784
2024-02-07,111,D,20507,37,17.7,False,2899,2899,5592,6007,3110
2024-02-07,112,A,20544,28,18.4,False,7337,4402,2934,2934,2937
2024-02-07,113,B,20581,33,19.1,False,3118,6028,5613,2910,2912
2024-02-08,114,C,20618,38,19.8,True,2802,2802,4604,6605,3805
2024-02-08,115,D,20655,29,20.5,False,6533,5269,2950,2950,2953
2024-02-08,116,A,20692,34,12.2,False,2868,5121,6351,3482,2870
2024-02-09,117,B,20729,39,12.9,True,2817,2817,3823,6641,4631
2024-02-09,118,C,20766,30,13.6,False,5663,6082,3146,2936,2939
2024-02-09,119,D,20803,35,,False,2773,4160,6934,4160,2776
2024-02-10,120,A,20840,40,15.0,True,2947,2947,3157,6104,5685
2024-02-10,121,B,20877,31,15.7,False,4661,6688,3851,2837,2840
2024-02-10,122,C,20014,36,16.4,False,2774,3368,6142,4953,2777
2024-02-11,123,D,20051,41,17.1,True,2864,2864,2864,5115,6344
2024-02-11,124,A,20088,32,17.8,False,3705,6435,4485,2730,2733
2024-02-11,125,B,20125,37,18.5,False,2845,2845,5488,5895,3052
2024-02-12,126,C,20162,28,19.2,False,7200,4320,2880,2880,2882
2024-02-12,127,D,20199,33,19.9,False,3060,5916,5508,2856,2859
2024-02-12,128,A,20236,38,20.6,True,2750,2750,4518,6483,3735
2024-02-13,129,B,20273,29,12.3,False,6412,5171,2896,2896,2898
2024-02-13,130,C,20310,34,13.0,False,2815,5027,6233,3418,2817
2024-02-13,131,D,20347,39,13.7,True,2765,2765,3753,6518,4546
2024-02-14,132,A,20384,30,14.4,False,5559,5971,3088,2882,2884
2024-02-14,133,B,20421,35,15.1,False,2722,4084,6807,4084,2724
2024-02-14,134,C,20458,40,15.8,True,2893,2893,3099,5992,5581
2024-02-15,135,D,20495,31,16.5,False,4576,6566,3780,2785,2788
2024-02-15,136,A,20532,36,,False,2846,3455,6301,5082,2848
2024-02-15,137,B,20569,41,17.9,True,2938,2938,2938,5247,6508
2024-02-16,138,C,20606,32,18.6,False,3801,6601,4601,2800,2803
2024-02-16,139,D,20643,37,19.3,False,2919,2919,5629,6046,3130
2024-02-16,140,A,20680,28,20.0,False,7385,4431,2954,2954,2956
2024-02-17,141,B,20717,33,20.7,False,3138,6068,5650,2929,2932
2024-02-17,142,C,20754,38,12.4,True,2820,2820,4634,6649,3831
2024-02-17,143,D,20791,29,13.1,False,6576,5303,2970,2970,2972
2024-02-18,144,A,20828,34,13.8,False,2887,5155,6392,3505,2889
2024-02-18,145,B,20865,39,14.5,True,2836,2836,3848,6684,4661
2024-02-18,146,C,20002,30,15.2,False,5455,5859,3030,2828,2830
2024-02-19,147,D,20039,35,15.9,False,2671,4007,6679,4007,2675
2024-02-19,148,A,20076,40,16.6,True,2839,2839,3041,5880,5477
2024-02-19,149,B,20113,31,17.3,False,4491,6443,3710,2733,2736
2024-02-20,150,C,20150,36,18.0,False,2793,3391,6184,4987,2795
2024-02-20,151,D,20187,41,18.7,True,2883,2883,2883,5149,6389
2024-02-20,152,A,20224,32,19.4,False,3730,6479,4516,2748,2751
2024-02-21,153,B,20261,37,,False,2865,2865,5525,5935,3071
2024-02-21,154,C,20298,28,20.8,False,7249,4349,2899,2899,2902
2024-02-21,155,D,20335,33,12.5,False,3081,5956,5545,2875,2878
2024-02-22,156,A,20372,38,13.2,True,2769,2769,4549,6526,3759
2024-02-22,157,B,20409,29,13.9,False,6455,5206,2915,2915,2918
2024-02-22,158,C,20446,34,14.6,False,2834,5060,6275,3441,2836
2024-02-23,159,D,20483,39,15.3,True,2784,2784,3778,6562,4575
2024-02-23,160,A,20520,30,16.0,False,5596,6010,3109,2901,2904
2024-02-23,161,B,20557,35,16.7,False,2740,4111,6852,4111,2743
2024-02-24,162,C,20594,40,17.4,True,2912,2912,3120,6032,5618
2024-02-24,163,D,20631,31,18.1,False,4606,6609,3805,2804,2807
2024-02-24,164,A,20668,36,18.8,False,2864,3478,6343,5115,2868
2024-02-25,165,B,20705,41,19.5,True,2957,2957,2957,5281,6553
2024-02-25,166,C,20742,32,20.2,False,3826,6645,4631,2819,2821
2024-02-25,167,D,20779,37,20.9,False,2938,2938,5667,6086,3150
2024-02-26,168,A,20816,28,12.6,False,7434,4460,2973,2973,2976
2024-02-26,169,B,20853,33,13.3,False,3159,6108,5687,2948,2951
2024-02-26,170,C,20890,38,,True,2839,2839,4664,6692,3856
2024-02-27,171,D,20027,29,14.7,False,6335,5108,2861,2861,2862
2024-02-27,172,A,20064,34,15.4,False,2781,4966,6158,3377,2782
2024-02-27,173,B,20101,39,16.1,True,2732,2732,3707,6440,4490
2024-02-28,174,C,20138,30,16.8,False,5492,5899,3051,2847,2849
2024-02-28,175,D,20175,35,17.5,False,2690,4035,6725,4035,2690
2024-02-28,176,A,20212,40,18.2,True,2858,2858,3062,5920,5514
2024-02-29,177,B,20249,31,18.9,False,4521,6487,3735,2752,2754
2024-02-29,178,C,20286,36,19.6,False,2811,3414,6226,5021,2814
2024-02-29,179,D,20323,41,20.3,True,2903,2903,2903,5184,6430
2024-03-01,180,A,20360,32,12.0,False,3755,6523,4546,2767,2769
2024-03-01,181,B,20397,37,12.7,False,2884,2884,5562,5974,3093
2024-03-01,182,C,20434,28,13.4,False,7297,4378,2919,2919,2921
2024-03-02,183,D,20471,33,14.1,False,3101,5996,5583,2894,2897
2024-03-02,184,A,20508,38,14.8,True,2787,2787,4579,6570,3785
2024-03-02,185,B,20545,29,15.5,False,6498,5241,2935,2935,2936
2024-03-03,186,C,20582,34,16.2,False,2852,5094,6317,3464,2855
2024-03-03,187,D,20619,39,,True,2802,2802,3803,6606,4606
2024-03-03,188,A,20656,30,17.6,False,5633,6050,3129,2921,2923
2024-03-04,189,B,20693,35,18.3,False,2759,4138,6897,4138,2761
2024-03-04,190,C,20730,40,19.0,True,2931,2931,3140,6072,5656
2024-03-04,191,D,20767,31,19.7,False,4637,6653,3830,2822,2825
2024-03-05,192,A,20804,36,20.4,False,2883,3501,6385,5149,2886
2024-03-05,193,B,20841,41,12.1,True,2977,2977,2977,5316,6594
2024-03-05,194,C,20878,32,12.8,False,3851,6689,4662,2837,2839
2024-03-06,195,D,20015,37,13.5,False,2830,2830,5458,5862,3035
2024-03-06,196,A,20052,28,14.2,False,7161,4296,2864,2864,2867
2024-03-06,197,B,20089,33,14.9,False,3043,5884,5478,2840,2844
2024-03-07,198,C,20126,38,15.6,True,2735,2735,4494,6448,3714
2024-03-07,199,D,20163,29,16.3,False,6378,5143,2880,2880,2882
2024-03-07,200,A,20200,34,17.0,False,2800,5000,6200,3400,2800
2024-03-08,201,B,20237,39,17.7,True,2750,2750,3733,6483,4521
2024-03-08,202,C,20274,30,18.4,False,5529,5938,3071,2867,2869
2024-03-08,203,D,20311,35,19.1,False,2708,4062,6770,4062,2709
2024-03-09,204,A,20348,40,,True,2877,2877,3083,5960,5551
2024-03-09,205,B,20385,31,20.5,False,4551,6531,3760,2770,2773
2024-03-09,206,C,20422,36,12.2,False,2830,3437,6268,5054,2833
2024-03-10,207,D,20459,41,12.9,True,2922,2922,2922,5219,6474
2024-03-10,208,A,20496,32,13.6,False,3780,6566,4576,2785,2789
2024-03-10,209,B,20533,37,14.3,False,2903,2903,5599,6014,3114
2024-03-11,210,C,20570,28,15.0,False,7346,4407,2938,2938,2941
2024-03-11,211,D,20607,33,15.7,False,3122,6036,5620,2914,2915
2024-03-11,212,A,20644,38,16.4,True,2805,2805,4609,6614,3811
2024-03-12,213,B,20681,29,17.1,False,6541,5275,2954,2954,2957
2024-03-12,214,C,20718,34,17.8,False,2871,5128,6358,3487,2874
2024-03-12,215,D,20755,39,18.5,True,2821,2821,3828,6649,4636
2024-03-13,216,A,20792,30,19.2,False,5670,6090,3150,2940,2942
2024-03-13,217,B,20829,35,19.9,False,2777,4165,6943,4165,2779
2024-03-13,218,C,20866,40,20.6,True,2950,2950,3161,6112,5693
2024-03-14,219,D,20003,31,12.3,False,4466,6408,3689,2718,2722
2024-03-14,220,A,20040,36,13.0,False,2777,3373,6150,4960,2780
2024-03-14,221,B,20077,41,,True,2868,2868,2868,5121,6352
2024-03-15,222,C,20114,32,14.4,False,3710,6444,4491,2733,2736
2024-03-15,223,D,20151,37,15.1,False,2849,2849,5495,5902,3056
2024-03-15,224,A,20188,28,15.8,False,7210,4326,2884,2884,2884
2024-03-16,225,B,20225,33,16.5,False,3064,5924,5515,2860,2862
2024-03-16,226,C,20262,38,17.2,True,2754,2754,4524,6491,3739
2024-03-16,227,D,20299,29,17.9,False,6421,5178,2899,2899,2902
2024-03-17,228,A,20336,34,18.6,False,2818,5033,6241,3422,2822
2024-03-17,229,B,20373,39,19.3,True,2769,2769,3758,6527,4550
2024-03-17,230,C,20410,30,20.0,False,5566,5978,3092,2886,2888
2024-03-18,231,D,20447,35,20.7,False,2726,4089,6815,4089,2728
2024-03-18,232,A,20484,40,12.4,True,2896,2896,3103,6000,5589
2024-03-18,233,B,20521,31,13.1,False,4582,6574,3785,2789,2791
2024-03-19,234,C,20558,36,13.8,False,2849,3460,6309,5088,2852
2024-03-19,235,D,20595,41,14.5,True,2942,2942,2942,5253,6516
2024-03-19,236,A,20632,32,15.2,False,3805,6610,4607,2804,2806
2024-03-20,237,B,20669,37,15.9,False,2922,2922,5637,6054,3134
2024-03-20,238,C,20706,28,,False,7395,4437,2958,2958,2958
2024-03-20,239,D,20743,33,17.3,False,3142,6076,5657,2933,2935
2024-03-21,240,A,20780,38,18.0,True,2824,2824,4640,6657,3835
2024-03-21,241,B,20817,29,18.7,False,6584,5310,2973,2973,2977
2024-03-21,242,C,20854,34,19.4,False,2890,5161,6400,3510,2893
2024-03-22,243,D,20891,39,20.1,True,2839,2839,3853,6693,4667
2024-03-22,244,A,20028,30,20.8,False,5462,5866,3034,2832,2834
2024-03-22,245,B,20065,35,12.5,False,2675,4013,6688,4013,2676
2024-03-23,246,C,20102,40,13.2,True,2842,2842,3045,5888,5485
2024-03-23,247,D,20139,31,13.9,False,4497,6452,3714,2737,2739
2024-03-23,248,A,20176,36,14.6,False,2796,3395,6192,4994,2799
2024-03-24,249,B,20213,41,15.3,True,2887,2887,2887,5156,6396
2024-03-24,250,C,20250,32,16.0,False,3735,6487,4521,2752,2755
2024-03-24,251,D,20287,37,16.7,False,2868,2868,5532,5942,3077
2024-03-25,252,A,20324,28,17.4,False,7258,4355,2903,2903,2905
2024-03-25,253,B,20361,33,18.1,False,3085,5964,5553,2879,2880
2024-03-25,254,C,20398,38,18.8,True,2772,2772,4554,6535,3765
2024-03-26,255,D,20435,29,,False,6464,5213,2919,2919,2920
2024-03-26,256,A,20472,34,20.2,False,2837,5067,6283,3445,2840
2024-03-26,257,B,20509,39,20.9,True,2787,2787,3783,6570,4582
2024-03-27,258,C,20546,30,12.6,False,5603,6018,3113,2905,2907
2024-03-27,259,D,20583,35,13.3,False,2744,4116,6861,4116,2746
2024-03-27,260,A,20620,40,14.0,True,2915,2915,3124,6040,5626
2024-03-28,261,B,20657,31,14.7,False,4612,6618,3810,2807,2810
2024-03-28,262,C,20694,36,15.4,False,2868,3483,6351,5122,2870
2024-03-28,263,D,20731,41,16.1,True,2961,2961,2961,5288,6560
2024-03-29,264,A,20768,32,16.8,False,3830,6653,4637,2822,2826
2024-03-29,265,B,20805,37,17.5,False,2942,2942,5674,6094,3153
2024-03-29,266,C,20842,28,18.2,False,7443,4466,2977,2977,2979
2024-03-30,267,D,20879,33,18.9,False,3163,6116,5694,2952,2954
2024-03-30,268,A,20016,38,19.6,True,2720,2720,4469,6412,3695
2024-03-30,269,B,20053,29,20.3,False,6343,5115,2864,2864,2867
2024-03-31,270,C,20090,34,12.0,False,2784,4972,6166,3381,2787
2024-03-31,271,D,20127,39,12.7,True,2735,2735,3712,6448,4497
2024-03-31,272,A,20164,30,,False,5499,5906,3055,2851,2853
2024-04-01,273,B,20201,35,14.1,False,2693,4040,6733,4040,2695
2024-04-01,274,C,20238,40,14.8,True,2861,2861,3066,5928,5522
2024-04-01,275,D,20275,31,15.5,False,4527,6495,3740,2755,2758
2024-04-02,276,A,20312,36,16.2,False,2815,3418,6234,5027,2818
2024-04-02,277,B,20349,41,16.9,True,2907,2907,2907,5191,6437
2024-04-02,278,C,20386,32,17.6,False,3760,6531,4552,2770,2773
2024-04-03,279,D,20423,37,18.3,False,2888,2888,5569,5982,3096
2024-04-03,280,A,20460,28,19.0,False,7307,4384,2922,2922,2925
2024-04-03,281,B,20497,33,19.7,False,3105,6004,5590,2898,2900
2024-04-04,282,C,20534,38,20.4,True,2791,2791,4585,6578,3789
2024-04-04,283,D,20571,29,12.1,False,6507,5247,2938,2938,2941
2024-04-04,284,A,20608,34,12.8,False,2856,5100,6325,3468,2859
2024-04-05,285,B,20645,39,13.5,True,2806,2806,3808,6614,4611
2024-04-05,286,C,20682,30,14.2,False,5640,6058,3133,2924,2927
2024-04-05,287,D,20719,35,14.9,False,2762,4143,6906,4143,2765
2024-04-06,288,A,20756,40,15.6,True,2935,2935,3144,6080,5662
2024-04-06,289,B,20793,31,,False,4643,6661,3835,2826,2828
2024-04-06,290,C,20830,36,17.0,False,2887,3506,6393,5155,2889
2024-04-07,291,D,20867,41,17.7,True,2981,2981,2981,5323,6601
2024-04-07,292,A,20004,32,18.4,False,3690,6409,4466,2718,2721
2024-04-07,293,B,20041,37,19.1,False,2834,2834,5465,5870,3038
2024-04-08,294,C,20078,28,19.8,False,7170,4302,2868,2868,2870
2024-04-08,295,D,20115,33,20.5,False,3047,5892,5485,2844,2847
2024-04-08,296,A,20152,38,12.2,True,2739,2739,4499,6456,3719
2024-04-09,297,B,20189,29,12.9,False,6386,5150,2884,2884,2885
2024-04-09,298,C,20226,34,13.6,False,2803,5006,6207,3404,2806
2024-04-09,299,D,20263,39,14.3,True,2754,2754,3737,6492,4526
2024-04-10,300,A,20300,30,15.0,False,5536,5946,3075,2870,2873
2024-04-10,301,B,20337,35,15.7,False,2711,4067,6779,4067,2713
2024-04-10,302,C,20374,40,16.4,True,2881,2881,3086,5968,5558
2024-04-11,303,D,20411,31,17.1,False,4557,6539,3765,2774,2776
2024-04-11,304,A,20448,36,17.8,False,2834,3441,6276,5061,2836
2024-04-11,305,B,20485,41,18.5,True,2926,2926,2926,5225,6482
2024-04-12,306,C,20522,32,,False,3785,6575,4582,2789,2791
2024-04-12,307,D,20559,37,19.9,False,2907,2907,5606,6022,3117
2024-04-12,308,A,20596,28,20.6,False,7355,4413,2942,2942,2944
2024-04-13,309,B,20633,33,12.3,False,3126,6044,5627,2917,2919
2024-04-13,310,C,20670,38,13.0,True,2809,2809,4615,6622,3815
2024-04-13,311,D,20707,29,13.7,False,6550,5282,2958,2958,2959
2024-04-14,312,A,20744,34,14.4,False,2875,5134,6366,3491,2878
2024-04-14,313,B,20781,39,15.1,True,2824,2824,3833,6657,4643
2024-04-14,314,C,20818,30,15.8,False,5677,6098,3154,2943,2946
2024-04-15,315,D,20855,35,16.5,False,2780,4171,6951,4171,2782
2024-04-15,316,A,20892,40,17.2,True,2954,2954,3165,6119,5700
2024-04-15,317,B,20029,31,17.9,False,4472,6417,3694,2722,2724
2024-04-16,318,C,20066,36,18.6,False,2781,3377,6158,4966,2784
2024-04-16,319,D,20103,41,19.3,True,2871,2871,2871,5128,6362
2024-04-16,320,A,20140,32,20.0,False,3715,6452,4497,2737,2739
2024-04-17,321,B,20177,37,20.7,False,2853,2853,5502,5910,3059
2024-04-17,322,C,20214,28,12.4,False,7219,4331,2887,2887,2890
2024-04-17,323,D,20251,33,,False,3068,5932,5523,2863,2865
2024-04-18,324,A,20288,38,13.8,True,2757,2757,4530,6500,3744
2024-04-18,325,B,20325,29,14.5,False,6429,5184,2903,2903,2906
2024-04-18,326,C,20362,34,15.2,False,2822,5040,6249,3427,2824
2024-04-19,327,D,20399,39,15.9,True,2772,2772,3762,6535,4558
2024-04-19,328,A,20436,30,16.6,False,5573,5986,3096,2889,2892
2024-04-19,329,B,20473,35,17.3,False,2729,4094,6824,4094,2732
2024-04-20,330,C,20510,40,18.0,True,2900,2900,3107,6007,5596
2024-04-20,331,D,20547,31,18.7,False,4588,6583,3790,2792,2794
2024-04-20,332,A,20584,36,19.4,False,2853,3464,6317,5095,2855
2024-04-21,333,B,20621,41,20.1,True,2945,2945,2945,5260,6526
2024-04-21,334,C,20658,32,20.8,False,3810,6618,4612,2807,2811
2024-04-21,335,D,20695,37,12.5,False,2926,2926,5644,6062,3137
2024-04-22,336,A,20732,28,13.2,False,7404,4442,2961,2961,2964
2024-04-22,337,B,20769,33,13.9,False,3146,6083,5664,2937,2939
2024-04-22,338,C,20806,38,14.6,True,2828,2828,4645,6666,3839
2024-04-23,339,D,20843,29,15.3,False,6593,5317,2977,2977,2979
2024-04-23,340,A,20880,34,,False,2894,5168,6408,3514,2896
2024-04-23,341,B,20017,39,16.7,True,2720,2720,3692,6413,4472
2024-04-24,342,C,20054,30,17.4,False,5469,5874,3038,2835,2838
2024-04-24,343,D,20091,35,18.1,False,2678,4018,6697,4018,2680
2024-04-24,344,A,20128,40,18.8,True,2846,2846,3049,5896,5491
2024-04-25,345,B,20165,31,19.5,False,4502,6460,3719,2740,2744
2024-04-25,346,C,20202,36,20.2,False,2800,3400,6200,5000,2802
2024-04-25,347,D,20239,41,20.9,True,2891,2891,2891,5163,6403
2024-04-26,348,A,20276,32,12.6,False,3740,6496,4527,2755,2758
2024-04-26,349,B,20313,37,13.3,False,2872,2872,5539,5950,3080
2024-04-26,350,C,20350,28,14.0,False,7267,4360,2907,2907,2909
2024-04-27,351,D,20387,33,14.7,False,3088,5971,5560,2883,2885
2024-04-27,352,A,20424,38,15.4,True,2776,2776,4560,6543,3769
2024-04-27,353,B,20461,29,16.1,False,6472,5219,2923,2923,2924
2024-04-28,354,C,20498,34,16.8,False,2841,5073,6291,3450,2843
2024-04-28,355,D,20535,39,17.5,True,2791,2791,3788,6579,4586
2024-04-28,356,A,20572,30,18.2,False,5610,6026,3116,2909,2911
2024-04-29,357,B,20609,35,,False,2747,4121,6869,4121,2751
2024-04-29,358,C,20646,40,19.6,True,2919,2919,3128,6047,5633
2024-04-29,359,D,20683,31,20.3,False,4618,6626,3815,2811,2813
